{"cameraMode":{"drawMode":0,"name":"Shaded","section":"Shading Mode"},"sceneLighting":true,"audioPlay":false,"sceneViewState":{"showFog":true,"showMaterialUpdate":true,"showSkybox":true,"showFlares":true,"showImageEffects":true,"showParticleSystems":true},"in2DMode":false,"pivot":{"x":-55.695533752441409,"y":63.276702880859378,"z":11.860686302185059},"rotation":{"x":0.25745612382888796,"y":0.7067416310310364,"z":-0.31417450308799746,"w":0.5794981122016907},"size":22.0,"orthographic":false}