{"cameraMode":{"drawMode":0,"name":"Shaded","section":"Shading Mode"},"sceneLighting":true,"audioPlay":false,"sceneViewState":{"showFog":true,"showMaterialUpdate":true,"showSkybox":true,"showFlares":true,"showImageEffects":true,"showParticleSystems":true},"in2DMode":false,"pivot":{"x":3.5277388095855715,"y":7.977047920227051,"z":-21.544265747070314},"rotation":{"x":0.15658283233642579,"y":0.009401530958712101,"z":-0.0015806122682988644,"w":0.9877644181251526},"size":4.393200874328613,"orthographic":false}